<?xml version="1.0" encoding="UTF-8"?>
<project-private xmlns="http://www.netbeans.org/ns/project-private/1">
    <editor-bookmarks xmlns="http://www.netbeans.org/ns/editor-bookmarks/2" lastBookmarkId="0"/>
    <open-files xmlns="http://www.netbeans.org/ns/projectui-open-files/2">
        <group>
            <file>file:/C:/Users/Rose/Documents/NetBeansProjects/JavaApplication25/src/javaapplication25/JavaApplication25.java</file>
            <file>file:/C:/Users/Rose/Documents/NetBeansProjects/JavaApplication25/src/javaapplication25/Songs.java</file>
            <file>file:/C:/Users/Rose/Documents/NetBeansProjects/JavaApplication25/src/javaapplication25/Library.java</file>
            <file>file:/C:/Users/Rose/Documents/NetBeansProjects/JavaApplication25/src/javaapplication25/ITunes1.java</file>
        </group>
    </open-files>
</project-private>
